Model,MAP@5,Accuracy,Precision@5,Recall@5,F1@5
TF-IDF (Uni+Bigram),1.0,1.0,1.0,1.0,1.0
SVM,0.16,0.4,0.16,0.16,0.16000000000000003
BERT,0.1,0.5,0.1,0.1,0.10000000000000002
